,Sum Sq,Mean Sq,NumDF,DenDF,F value,Pr(>F)
Day,1.153594318,0.067858489,17,424.0072949,52.09596755,1.83E-92
Treatment,0.896080388,0.896080388,1,424.0050312,687.9341895,8.40E-91
Flow,0.113505822,0.113505822,1,423.9976612,87.14010102,5.73E-19
Treatment:Day,1.39961175,0.082330103,17,424.0159418,63.20603976,1.12E-104
Flow:Day,0.195095639,0.011476214,17,423.9976611,8.810459536,1.52E-19
Treatment:Flow,0.061972368,0.061972368,1,423.9976612,47.577105,1.93E-11
Treatment:Flow:Day,0.18618906,0.010952298,17,423.9976612,8.408241182,1.50E-18