,Sum Sq,Mean Sq,NumDF,DenDF,F value,Pr(>F)
Timepoint,9.65237E+12,9.65237E+12,1,171626778,39.92185315,2.64E-10
Treatment,1.04483E+13,5.22417E+12,2,124829726.6,21.60695931,4.13E-10
Flow,48192933381,48192933381,1,144226758.5,0.199324204,0.655266884
Timepoint:Treatment,2.93012E+12,1.46506E+12,2,104450441.5,6.059439694,0.00233571
Timepoint:Flow,2.85745E+11,2.85745E+11,1,120247022.2,1.181831796,0.276983396
Treatment:Flow,3.08042E+11,1.54021E+11,2,86674254.63,0.637025367,0.528863263
Timepoint:Treatment:Flow,7.19942E+11,3.59971E+11,2,76154665.77,1.48882699,0.225637182